image,Número predicho,timestamp
.gradio/flagged/image/8b0c91f8868fbd082dc2/uno.png,,2025-09-30 19:52:48.977680
.gradio/flagged/image/baa061ceb1631d54401c/uno.png,,2025-09-30 19:55:37.514464
.gradio/flagged/image/90c445f95b70c59f3462/uno.png,,2025-09-30 19:55:39.278608
.gradio/flagged/image/8d7e90c46e5b4f0003ec/uno.png,7,2025-09-30 20:04:53.182896
.gradio/flagged/image/c3a88ebbe3b9277eb481/uno.png,7,2025-09-30 20:04:55.038329
.gradio/flagged/image/2667504d7050026d6f86/uno.png,7,2025-09-30 20:05:58.412377
.gradio/flagged/image/cb5da3421925b0b8c7d5/uno.png,7,2025-09-30 20:05:59.799515
.gradio/flagged/image/03ea3fa0a1b09adbaac3/uno.png,7,2025-09-30 20:06:01.176931
.gradio/flagged/image/0d910b9aa3a72431eee2/uno.png,1,2025-09-30 20:37:14.976446
.gradio/flagged/image/ed88c171fceabbb3b01c/numero.png,1,2025-10-01 12:56:39.966089
